,paperId,url
0,ff53cb49cb18e71e622fce7d96692e813630e878,https://www.semanticscholar.org/paper/ff53cb49cb18e71e622fce7d96692e813630e878
1,fb73b93de3734a996829caf31e4310e0054e9c6b,https://www.semanticscholar.org/paper/fb73b93de3734a996829caf31e4310e0054e9c6b
2,0d19245a27bc65a87a8014d5b8a66fb514c8ff0b,https://www.semanticscholar.org/paper/0d19245a27bc65a87a8014d5b8a66fb514c8ff0b
3,a83222323c826d6d57f59a830fb52afcabdb6463,https://www.semanticscholar.org/paper/a83222323c826d6d57f59a830fb52afcabdb6463
4,8e787e925eeb7ad735a228b2b1e8dd6d9620be83,https://www.semanticscholar.org/paper/8e787e925eeb7ad735a228b2b1e8dd6d9620be83
5,47bb406dbbc9da0b7a7cff7549e229691a1a9e05,https://www.semanticscholar.org/paper/47bb406dbbc9da0b7a7cff7549e229691a1a9e05
6,5e85955bf6c68f268647c0a9bc690a1aab67c90c,https://www.semanticscholar.org/paper/5e85955bf6c68f268647c0a9bc690a1aab67c90c
7,386f4bc398626b5b1c4ed7c06a3f923ddb3822bf,https://www.semanticscholar.org/paper/386f4bc398626b5b1c4ed7c06a3f923ddb3822bf
8,c3f9734faf79f6d93a19cbf192b00234812d455a,https://www.semanticscholar.org/paper/c3f9734faf79f6d93a19cbf192b00234812d455a
9,0c64d6de286a074c60ff1355dcf5f23745d76ab5,https://www.semanticscholar.org/paper/0c64d6de286a074c60ff1355dcf5f23745d76ab5
10,051f208bad9ec4dda1b72edcaac5259beecc86ca,https://www.semanticscholar.org/paper/051f208bad9ec4dda1b72edcaac5259beecc86ca
11,0d3cc1cd85a23d74e7200ebba83f9156bf1f382c,https://www.semanticscholar.org/paper/0d3cc1cd85a23d74e7200ebba83f9156bf1f382c
12,f0f80cb103a413d482667414c35d9725a7bc4268,https://www.semanticscholar.org/paper/f0f80cb103a413d482667414c35d9725a7bc4268
13,1dc9adaf2e0fab7675edb88ea5d9a3b7cc3be4a3,https://www.semanticscholar.org/paper/1dc9adaf2e0fab7675edb88ea5d9a3b7cc3be4a3
14,b67435ea3b53d7e2903b453b4791d813a829e1b1,https://www.semanticscholar.org/paper/b67435ea3b53d7e2903b453b4791d813a829e1b1
15,dac3a172b504f4e33c029655e9befb3386e5f63a,https://www.semanticscholar.org/paper/dac3a172b504f4e33c029655e9befb3386e5f63a
16,b887c00144d77907320cee338826825a251be7eb,https://www.semanticscholar.org/paper/b887c00144d77907320cee338826825a251be7eb
17,02eaaf87f9cae34cca398fed146079e6eeb1f868,https://www.semanticscholar.org/paper/02eaaf87f9cae34cca398fed146079e6eeb1f868
18,494be02cef04750439525c756233cad193a22cce,https://www.semanticscholar.org/paper/494be02cef04750439525c756233cad193a22cce
19,4634aaf712d36b8677abec28f55c2fb6403a227a,https://www.semanticscholar.org/paper/4634aaf712d36b8677abec28f55c2fb6403a227a
20,9eb4cd1a4b4717c97c47e3dc4563a75779ae9390,https://www.semanticscholar.org/paper/9eb4cd1a4b4717c97c47e3dc4563a75779ae9390
21,89b22bcf1f4717acd95318b92070f8036c3004bf,https://www.semanticscholar.org/paper/89b22bcf1f4717acd95318b92070f8036c3004bf
22,273430886ac8ca6b3be562a94fa33006b0a5c71a,https://www.semanticscholar.org/paper/273430886ac8ca6b3be562a94fa33006b0a5c71a
23,8068195a216b357b40a6cb460bd99a0d8ad98772,https://www.semanticscholar.org/paper/8068195a216b357b40a6cb460bd99a0d8ad98772
24,f3c54c5c12f637325d322d387ca7904a0a188b8e,https://www.semanticscholar.org/paper/f3c54c5c12f637325d322d387ca7904a0a188b8e
25,4f8d648c52edf74e41b0996128aa536e13cc7e82,https://www.semanticscholar.org/paper/4f8d648c52edf74e41b0996128aa536e13cc7e82
26,d47a682723f710395454687319bb55635e653105,https://www.semanticscholar.org/paper/d47a682723f710395454687319bb55635e653105
27,95cd83603a0d2b6918a8e34a5637a8f382da96f5,https://www.semanticscholar.org/paper/95cd83603a0d2b6918a8e34a5637a8f382da96f5
28,d37234b062b448966288c1b369b6af8f0e073979,https://www.semanticscholar.org/paper/d37234b062b448966288c1b369b6af8f0e073979
29,b5b68f25108cce284d4f5e6aa16fbdae07b784a0,https://www.semanticscholar.org/paper/b5b68f25108cce284d4f5e6aa16fbdae07b784a0
30,4cd7eb540df7dd90ac5395855f6d76a5567f282c,https://www.semanticscholar.org/paper/4cd7eb540df7dd90ac5395855f6d76a5567f282c
31,c91255a9e58e3abbc3b406ac008c6d22ff9990c7,https://www.semanticscholar.org/paper/c91255a9e58e3abbc3b406ac008c6d22ff9990c7
32,84032c19bad3493957d1319babd19bde2821fee3,https://www.semanticscholar.org/paper/84032c19bad3493957d1319babd19bde2821fee3
33,34c2f6fa7096af0b8f128c6725be77ac32e0c90f,https://www.semanticscholar.org/paper/34c2f6fa7096af0b8f128c6725be77ac32e0c90f
34,da82f8e6ff009432896730061247fa6653bed1f0,https://www.semanticscholar.org/paper/da82f8e6ff009432896730061247fa6653bed1f0
35,4f84926aad506b1820273f7146d575d7ecf779a2,https://www.semanticscholar.org/paper/4f84926aad506b1820273f7146d575d7ecf779a2
36,cf8c493079702ec420ab4fc9c0fabb56b2a16c84,https://www.semanticscholar.org/paper/cf8c493079702ec420ab4fc9c0fabb56b2a16c84
37,89a816719613e220a64ab2590c938c23bbfe187e,https://www.semanticscholar.org/paper/89a816719613e220a64ab2590c938c23bbfe187e
38,c483a4aadc837d462bc178612da28fa2423ca8d1,https://www.semanticscholar.org/paper/c483a4aadc837d462bc178612da28fa2423ca8d1
39,158694795add7c8a63483d844fba74e18a2932ef,https://www.semanticscholar.org/paper/158694795add7c8a63483d844fba74e18a2932ef
40,c8822a2a2d3e55b4a1b16154166a33372c6a473f,https://www.semanticscholar.org/paper/c8822a2a2d3e55b4a1b16154166a33372c6a473f
41,2e9535e95d817ecd71d3aeac84b2c26be61d1dfb,https://www.semanticscholar.org/paper/2e9535e95d817ecd71d3aeac84b2c26be61d1dfb
42,1bf21dabbdfc81fd4f9e92b1201ecce744cabb6a,https://www.semanticscholar.org/paper/1bf21dabbdfc81fd4f9e92b1201ecce744cabb6a
43,71290cb9fc54302129280a977671f1dc0bb23da6,https://www.semanticscholar.org/paper/71290cb9fc54302129280a977671f1dc0bb23da6
44,4760f97adec84f45e1dbf7316455bc0b8a66dcaf,https://www.semanticscholar.org/paper/4760f97adec84f45e1dbf7316455bc0b8a66dcaf
45,66d58772af49c996a15bfad17daab4a4063df585,https://www.semanticscholar.org/paper/66d58772af49c996a15bfad17daab4a4063df585
46,cb5e3f085caefd1f3d5e08637ab55d39e61234fc,https://www.semanticscholar.org/paper/cb5e3f085caefd1f3d5e08637ab55d39e61234fc
47,37645b50395dd168eb2326db7460d9857428db65,https://www.semanticscholar.org/paper/37645b50395dd168eb2326db7460d9857428db65
48,3eab9e9b0046ee7dcb53b7ef5f8df7f03ef57fe1,https://www.semanticscholar.org/paper/3eab9e9b0046ee7dcb53b7ef5f8df7f03ef57fe1
49,5cbe278b65a81602a864184bbca37de91448a5f5,https://www.semanticscholar.org/paper/5cbe278b65a81602a864184bbca37de91448a5f5
50,d06faee65ec7935f0cc9882867d74fac51d9e5aa,https://www.semanticscholar.org/paper/d06faee65ec7935f0cc9882867d74fac51d9e5aa
51,526bad3d657188b4905fbc25f2610972878d0077,https://www.semanticscholar.org/paper/526bad3d657188b4905fbc25f2610972878d0077
52,115fe2df7b70055bc57aa2328e922abe51137900,https://www.semanticscholar.org/paper/115fe2df7b70055bc57aa2328e922abe51137900
53,a16ae67070de155789a871cb27ecbf9eaa98b379,https://www.semanticscholar.org/paper/a16ae67070de155789a871cb27ecbf9eaa98b379
54,3ac5aa6ac59253611ef3cb72a95cbe21ef5dda1b,https://www.semanticscholar.org/paper/3ac5aa6ac59253611ef3cb72a95cbe21ef5dda1b
55,e89dfa306723e8ef031765e9c44e5f6f94fd8fda,https://www.semanticscholar.org/paper/e89dfa306723e8ef031765e9c44e5f6f94fd8fda
56,868349fe969bc7c6b14b5f35e118a26075b7b1f2,https://www.semanticscholar.org/paper/868349fe969bc7c6b14b5f35e118a26075b7b1f2
57,cea2beca72559246a80763c25d4b0fbb65e8303c,https://www.semanticscholar.org/paper/cea2beca72559246a80763c25d4b0fbb65e8303c
58,4978aecc0498d13961c68d9db58295dc85f92b66,https://www.semanticscholar.org/paper/4978aecc0498d13961c68d9db58295dc85f92b66
59,90b35513d27829f7d302c6af05f8af7437675909,https://www.semanticscholar.org/paper/90b35513d27829f7d302c6af05f8af7437675909
60,60382330844cae9adc22ee00a3030684c8f85a63,https://www.semanticscholar.org/paper/60382330844cae9adc22ee00a3030684c8f85a63
61,030237d1e35f5db88465ec20de0419f3fc352301,https://www.semanticscholar.org/paper/030237d1e35f5db88465ec20de0419f3fc352301
62,cb591f19683ae53ef534b19b19fe16d76e14d080,https://www.semanticscholar.org/paper/cb591f19683ae53ef534b19b19fe16d76e14d080
63,3d0579a96ec433a20f0933699de16410f31ec9ed,https://www.semanticscholar.org/paper/3d0579a96ec433a20f0933699de16410f31ec9ed
64,23349c12fdaaa9474f328ffbd3c71bc965be5a78,https://www.semanticscholar.org/paper/23349c12fdaaa9474f328ffbd3c71bc965be5a78
65,664e48f5a674b38c7765e1011b16a96feab359d2,https://www.semanticscholar.org/paper/664e48f5a674b38c7765e1011b16a96feab359d2
66,a197dc7522800487601525359f5d25efa09daf3d,https://www.semanticscholar.org/paper/a197dc7522800487601525359f5d25efa09daf3d
67,fafcd80a7ba9197d4f9f1286c4e2e17ec1d7f60e,https://www.semanticscholar.org/paper/fafcd80a7ba9197d4f9f1286c4e2e17ec1d7f60e
68,e520a5730ef89e418833bb655947e4cb6c986f7a,https://www.semanticscholar.org/paper/e520a5730ef89e418833bb655947e4cb6c986f7a
69,5dc589c581cac570dade1050be8f931f63b274b5,https://www.semanticscholar.org/paper/5dc589c581cac570dade1050be8f931f63b274b5
70,cb29cf52f0f7d2e4324c68690a55b22890f2212d,https://www.semanticscholar.org/paper/cb29cf52f0f7d2e4324c68690a55b22890f2212d
71,d43fe7fe358c6fd963e57065d8eaa604b8a72523,https://www.semanticscholar.org/paper/d43fe7fe358c6fd963e57065d8eaa604b8a72523
72,365e06d677cbf832a6f782aa3db0e49ddbdd1ae2,https://www.semanticscholar.org/paper/365e06d677cbf832a6f782aa3db0e49ddbdd1ae2
73,69144d537f90f214d5b07a7c79121d16afd7da16,https://www.semanticscholar.org/paper/69144d537f90f214d5b07a7c79121d16afd7da16
74,97881c6577c310f50fc86738c0268896b970dfa4,https://www.semanticscholar.org/paper/97881c6577c310f50fc86738c0268896b970dfa4
75,957eb4e199b4767507f8a1aa99d461109577eff6,https://www.semanticscholar.org/paper/957eb4e199b4767507f8a1aa99d461109577eff6
76,70ebfed1756f2c22bca29a3f14813ce0f97832c4,https://www.semanticscholar.org/paper/70ebfed1756f2c22bca29a3f14813ce0f97832c4
77,07dc71b9c02b87b5e466ebb133e21fa5d2955f7a,https://www.semanticscholar.org/paper/07dc71b9c02b87b5e466ebb133e21fa5d2955f7a
78,2528560b25673f578326993f41165eb3ab0dfb2c,https://www.semanticscholar.org/paper/2528560b25673f578326993f41165eb3ab0dfb2c
79,007bbba5dc7423560a81ca4682d9a8317282f8cd,https://www.semanticscholar.org/paper/007bbba5dc7423560a81ca4682d9a8317282f8cd
80,55970f73bb69f0cb1d43c4bb0a1f18135179d522,https://www.semanticscholar.org/paper/55970f73bb69f0cb1d43c4bb0a1f18135179d522
81,2900c722e437bad59940c3770c2996874dcae9be,https://www.semanticscholar.org/paper/2900c722e437bad59940c3770c2996874dcae9be
82,eed781f498b563df5a9e8a241c67d63dd1d92ad5,https://www.semanticscholar.org/paper/eed781f498b563df5a9e8a241c67d63dd1d92ad5
83,179f718ecbfaa6f510dbff66a8432935a126f943,https://www.semanticscholar.org/paper/179f718ecbfaa6f510dbff66a8432935a126f943
84,7614bce18df2de3bc0039cd68594b2b8c601da73,https://www.semanticscholar.org/paper/7614bce18df2de3bc0039cd68594b2b8c601da73
85,2878484842a2c108f2ff444821c63390a2089c8a,https://www.semanticscholar.org/paper/2878484842a2c108f2ff444821c63390a2089c8a
86,608494089414273d17ed09bc5b5febf8d051c5b1,https://www.semanticscholar.org/paper/608494089414273d17ed09bc5b5febf8d051c5b1
87,b028932b4ddce302fbc11e173d14138963f45af3,https://www.semanticscholar.org/paper/b028932b4ddce302fbc11e173d14138963f45af3
88,e6aaac94df717786a467d057cb2157b9d49f0974,https://www.semanticscholar.org/paper/e6aaac94df717786a467d057cb2157b9d49f0974
89,89f7c8ed4c57aa15e05a44eae1840603a12e9877,https://www.semanticscholar.org/paper/89f7c8ed4c57aa15e05a44eae1840603a12e9877
90,ac14a4bd3d79f6a953bcc22569be084caae2275f,https://www.semanticscholar.org/paper/ac14a4bd3d79f6a953bcc22569be084caae2275f
91,f613de3babaf334568950b8afee39a3fe2bb30c9,https://www.semanticscholar.org/paper/f613de3babaf334568950b8afee39a3fe2bb30c9
92,0b210671b4b25dad01c3b373c66cb8e2999dfed7,https://www.semanticscholar.org/paper/0b210671b4b25dad01c3b373c66cb8e2999dfed7
93,cd15ed7125fc4ede6a038f52920073ef9b340380,https://www.semanticscholar.org/paper/cd15ed7125fc4ede6a038f52920073ef9b340380
94,e325303ec320231275609e63feb7987855b27e1a,https://www.semanticscholar.org/paper/e325303ec320231275609e63feb7987855b27e1a
95,6bda6bc8e97597c507d6b88d1985b7fc2e2b8bd8,https://www.semanticscholar.org/paper/6bda6bc8e97597c507d6b88d1985b7fc2e2b8bd8
96,9a61809b3cac65b41928538d2a43e5e48a60df28,https://www.semanticscholar.org/paper/9a61809b3cac65b41928538d2a43e5e48a60df28
97,2667bf5e04c8e29d95ceeee32f80a79f6c6af0cf,https://www.semanticscholar.org/paper/2667bf5e04c8e29d95ceeee32f80a79f6c6af0cf
98,b4391d9863cbab5904c1c8a1be331612d6dcd368,https://www.semanticscholar.org/paper/b4391d9863cbab5904c1c8a1be331612d6dcd368
99,d3eb935bf0240116aafa6b7beccaac0edc4e4478,https://www.semanticscholar.org/paper/d3eb935bf0240116aafa6b7beccaac0edc4e4478
100,62730103de8cadfecea84dc47a26c78266a77a01,https://www.semanticscholar.org/paper/62730103de8cadfecea84dc47a26c78266a77a01
101,91576fbbdfd30414c4143457e9591bece38bc8d5,https://www.semanticscholar.org/paper/91576fbbdfd30414c4143457e9591bece38bc8d5
102,9678e0b69a9e0fbd80994bb2f5a35e3fa23960e3,https://www.semanticscholar.org/paper/9678e0b69a9e0fbd80994bb2f5a35e3fa23960e3
103,b3b27d23ba1419aaf2a72ab496074697144d7886,https://www.semanticscholar.org/paper/b3b27d23ba1419aaf2a72ab496074697144d7886
104,bb6bbc8f5dd79e06b85be269603a38dcc1799436,https://www.semanticscholar.org/paper/bb6bbc8f5dd79e06b85be269603a38dcc1799436
105,25dffef6ab7d3cc6901caaa3ef23d4ad20d44fc6,https://www.semanticscholar.org/paper/25dffef6ab7d3cc6901caaa3ef23d4ad20d44fc6
106,2c1f19c03472c444a5e053ffdf3609dd68e8fd0c,https://www.semanticscholar.org/paper/2c1f19c03472c444a5e053ffdf3609dd68e8fd0c
107,48b929fef73cdbcd00afa4e2548b3078e9a936b0,https://www.semanticscholar.org/paper/48b929fef73cdbcd00afa4e2548b3078e9a936b0
108,26efc3b4216a117a01975be4dfffa5267bfff64d,https://www.semanticscholar.org/paper/26efc3b4216a117a01975be4dfffa5267bfff64d
109,004fbcb0f3248afcbc158d97d3b02f0ea42e137a,https://www.semanticscholar.org/paper/004fbcb0f3248afcbc158d97d3b02f0ea42e137a
110,f328de52cb597c6de5c6547224c541105376bcfd,https://www.semanticscholar.org/paper/f328de52cb597c6de5c6547224c541105376bcfd
111,9d958a7205555e1c051b2e3bd05d99d61d360ba4,https://www.semanticscholar.org/paper/9d958a7205555e1c051b2e3bd05d99d61d360ba4
112,57dbe3f8957ca21d7d803450f9adeada71ee38c7,https://www.semanticscholar.org/paper/57dbe3f8957ca21d7d803450f9adeada71ee38c7
113,c20adaf3c7d193c5bc2ea2b6697e85656e296d74,https://www.semanticscholar.org/paper/c20adaf3c7d193c5bc2ea2b6697e85656e296d74
114,4b2d04556f7d3377998f4f236b57086a1be74f23,https://www.semanticscholar.org/paper/4b2d04556f7d3377998f4f236b57086a1be74f23
115,c39473b1135fdb21637c8c5612bb6e17ee08dff7,https://www.semanticscholar.org/paper/c39473b1135fdb21637c8c5612bb6e17ee08dff7
116,02ffc4114dfd27340ab187d2cd2789c9f0fce9e5,https://www.semanticscholar.org/paper/02ffc4114dfd27340ab187d2cd2789c9f0fce9e5
117,9009caab300d0f3d91e00f0874e30df9565a47ac,https://www.semanticscholar.org/paper/9009caab300d0f3d91e00f0874e30df9565a47ac
118,f29add317a7e2920590c675f30d08033258c4ca4,https://www.semanticscholar.org/paper/f29add317a7e2920590c675f30d08033258c4ca4
119,38278dec1ad3e31e437862f0a2c7d3be34946e66,https://www.semanticscholar.org/paper/38278dec1ad3e31e437862f0a2c7d3be34946e66
120,50edd69ed15733b6b8783e0b61de59d642b02aea,https://www.semanticscholar.org/paper/50edd69ed15733b6b8783e0b61de59d642b02aea
121,953070a862df2824b46e7b1057e97badfb31b8c2,https://www.semanticscholar.org/paper/953070a862df2824b46e7b1057e97badfb31b8c2
122,15dd7e862b09de21fd67d5abb2b681293755ffca,https://www.semanticscholar.org/paper/15dd7e862b09de21fd67d5abb2b681293755ffca
123,7447ac643e8d4f6d958c492500df08f679ad9c97,https://www.semanticscholar.org/paper/7447ac643e8d4f6d958c492500df08f679ad9c97
124,1b811dfcc80b3637cfb125e416927888085ec6f4,https://www.semanticscholar.org/paper/1b811dfcc80b3637cfb125e416927888085ec6f4
125,6e6da90973c35c0c082f91038d2d3f18007eccc3,https://www.semanticscholar.org/paper/6e6da90973c35c0c082f91038d2d3f18007eccc3
126,c669c818f2b73ecfa09622419457249c4ae96fbf,https://www.semanticscholar.org/paper/c669c818f2b73ecfa09622419457249c4ae96fbf
127,24158c9fc293c8a998ac552b1188404a877da292,https://www.semanticscholar.org/paper/24158c9fc293c8a998ac552b1188404a877da292
128,be301158401b181c62f1dae81b1dd0814d7c1cb8,https://www.semanticscholar.org/paper/be301158401b181c62f1dae81b1dd0814d7c1cb8
129,0e141942fa265142f41a2a26eb17b6005d3af29e,https://www.semanticscholar.org/paper/0e141942fa265142f41a2a26eb17b6005d3af29e
130,40ba50aeab550d01b752b62b1b8e08e6f02fb5f2,https://www.semanticscholar.org/paper/40ba50aeab550d01b752b62b1b8e08e6f02fb5f2
131,318d04c115cd51119edf7eda0acbc80678e627eb,https://www.semanticscholar.org/paper/318d04c115cd51119edf7eda0acbc80678e627eb
132,4ec1f2dfd72728877f8c7f659ea1b9ac5e3415e1,https://www.semanticscholar.org/paper/4ec1f2dfd72728877f8c7f659ea1b9ac5e3415e1
133,afc87614a4a6f80263eebc0fe8e1515631aa5c03,https://www.semanticscholar.org/paper/afc87614a4a6f80263eebc0fe8e1515631aa5c03
134,a2c8282c5d0941bed69c33bc0e35cf7abb17f47b,https://www.semanticscholar.org/paper/a2c8282c5d0941bed69c33bc0e35cf7abb17f47b
135,c98e46bb44a240f6584c08453313808751d9ce88,https://www.semanticscholar.org/paper/c98e46bb44a240f6584c08453313808751d9ce88
136,04557a724a7ccde86bed6edd3b36a1091233de64,https://www.semanticscholar.org/paper/04557a724a7ccde86bed6edd3b36a1091233de64
137,8de174ab5419b9d3127695405efd079808e956e8,https://www.semanticscholar.org/paper/8de174ab5419b9d3127695405efd079808e956e8
138,5688b8077117b3aafd54c2e71d959284f4d5c8b9,https://www.semanticscholar.org/paper/5688b8077117b3aafd54c2e71d959284f4d5c8b9
139,a9b956d18af4796f8e8775ee9708f3431a0f6ff9,https://www.semanticscholar.org/paper/a9b956d18af4796f8e8775ee9708f3431a0f6ff9
140,87e0344a232d77c4686b4b061639a626b71b841a,https://www.semanticscholar.org/paper/87e0344a232d77c4686b4b061639a626b71b841a
141,a24c0efae3bb7432799e5addb68c13bf13fbd39f,https://www.semanticscholar.org/paper/a24c0efae3bb7432799e5addb68c13bf13fbd39f
142,18bc1d4271abe8dd6e16179cdb06524a4f396e16,https://www.semanticscholar.org/paper/18bc1d4271abe8dd6e16179cdb06524a4f396e16
143,6a031bfece35df3eff24c5f62d9b02f0d53a48dd,https://www.semanticscholar.org/paper/6a031bfece35df3eff24c5f62d9b02f0d53a48dd
144,eb07ff030df4c3dc20e85d89c2e0d0cc730918a0,https://www.semanticscholar.org/paper/eb07ff030df4c3dc20e85d89c2e0d0cc730918a0
145,f56f779bc19012017fe96302fe74186ee61e888b,https://www.semanticscholar.org/paper/f56f779bc19012017fe96302fe74186ee61e888b
146,42aa8ae1eb726b0bcc6aca785eab6132a447c8f4,https://www.semanticscholar.org/paper/42aa8ae1eb726b0bcc6aca785eab6132a447c8f4
147,50a4f817958efd5a99d1cbe5b53638f8ee66d2b6,https://www.semanticscholar.org/paper/50a4f817958efd5a99d1cbe5b53638f8ee66d2b6
148,1d7f3297924a9dd90cfc0df522ebe9138c28b46f,https://www.semanticscholar.org/paper/1d7f3297924a9dd90cfc0df522ebe9138c28b46f
149,f46c9dc7a5cc32a633f797dc19ed0b5a10b370d9,https://www.semanticscholar.org/paper/f46c9dc7a5cc32a633f797dc19ed0b5a10b370d9
150,9469acb31c371323cb726385ff206b7708df94b7,https://www.semanticscholar.org/paper/9469acb31c371323cb726385ff206b7708df94b7
151,4a7192409f6280057073beef6a3dcddd64b86df1,https://www.semanticscholar.org/paper/4a7192409f6280057073beef6a3dcddd64b86df1
152,c6832a604d2b304ee8f408b1e100bba497803952,https://www.semanticscholar.org/paper/c6832a604d2b304ee8f408b1e100bba497803952
153,b90065e4c3b245371d8febd98adee9e8da7f039e,https://www.semanticscholar.org/paper/b90065e4c3b245371d8febd98adee9e8da7f039e
154,310d52d274ec5796905f7896599155bea9cc3346,https://www.semanticscholar.org/paper/310d52d274ec5796905f7896599155bea9cc3346
155,af2b546407c0faaa6d051ca64815f585eef670b8,https://www.semanticscholar.org/paper/af2b546407c0faaa6d051ca64815f585eef670b8
156,a4a31edcecb1e53d1d3c8b1bd315ea7c450f79c5,https://www.semanticscholar.org/paper/a4a31edcecb1e53d1d3c8b1bd315ea7c450f79c5
157,9ee05a9a673d2f493d1f179a239c2f31f5ee06d3,https://www.semanticscholar.org/paper/9ee05a9a673d2f493d1f179a239c2f31f5ee06d3
158,f0ec1946001f6d510debe6097c77da46e8faa056,https://www.semanticscholar.org/paper/f0ec1946001f6d510debe6097c77da46e8faa056
159,488de57dde884402d88ccecfd02347dd7e4d01a1,https://www.semanticscholar.org/paper/488de57dde884402d88ccecfd02347dd7e4d01a1
160,67a1e301fb5a2a19e39225fad53a3087eb66d6b2,https://www.semanticscholar.org/paper/67a1e301fb5a2a19e39225fad53a3087eb66d6b2
161,51a12b5e79dbe334113627e89fafb942c5414ba8,https://www.semanticscholar.org/paper/51a12b5e79dbe334113627e89fafb942c5414ba8
162,a1b62db5c838df5630b1c238d4862dc69bdbc874,https://www.semanticscholar.org/paper/a1b62db5c838df5630b1c238d4862dc69bdbc874
163,db20a10ef5641a0d0e60584e4cc8430a9763d437,https://www.semanticscholar.org/paper/db20a10ef5641a0d0e60584e4cc8430a9763d437
164,c8b00d4706fc8979a9c5f410addccbcfe1c0d894,https://www.semanticscholar.org/paper/c8b00d4706fc8979a9c5f410addccbcfe1c0d894
165,8f13b410c2776078045713cf5f420119de5f163a,https://www.semanticscholar.org/paper/8f13b410c2776078045713cf5f420119de5f163a
166,6d328377686db98e0b412e5a15c6db8f68bf1284,https://www.semanticscholar.org/paper/6d328377686db98e0b412e5a15c6db8f68bf1284
167,394012afb6459fc0b0587a326fdf77c592ffa416,https://www.semanticscholar.org/paper/394012afb6459fc0b0587a326fdf77c592ffa416
168,2a1573cfa29a426c695e2caf6de0167a12b788ef,https://www.semanticscholar.org/paper/2a1573cfa29a426c695e2caf6de0167a12b788ef
169,18e7d5de1dda95cfca4b738c138c45409aad5057,https://www.semanticscholar.org/paper/18e7d5de1dda95cfca4b738c138c45409aad5057
170,dd5092ad7b25fee0fb06bb6ae56b741f54efce7a,https://www.semanticscholar.org/paper/dd5092ad7b25fee0fb06bb6ae56b741f54efce7a
171,9d7902e834d5d1d35179962c7a5b9d16623b0d39,https://www.semanticscholar.org/paper/9d7902e834d5d1d35179962c7a5b9d16623b0d39
172,83dffe640d9d55e8d8b5c095ff0a8e009b13808e,https://www.semanticscholar.org/paper/83dffe640d9d55e8d8b5c095ff0a8e009b13808e
173,2d0c07aa97b5b422c1ac512b1c184f412a19f28e,https://www.semanticscholar.org/paper/2d0c07aa97b5b422c1ac512b1c184f412a19f28e
174,4d7ec134ca443f60483ef5171a6e067468b16164,https://www.semanticscholar.org/paper/4d7ec134ca443f60483ef5171a6e067468b16164
175,056935031bc5cf0aeeaa0946320de26e14a1817e,https://www.semanticscholar.org/paper/056935031bc5cf0aeeaa0946320de26e14a1817e
176,682fe25f48330429dbedb6053e92775cbfee8d69,https://www.semanticscholar.org/paper/682fe25f48330429dbedb6053e92775cbfee8d69
177,acfc17038bf97b3ba77ce0d308bb9a848cf0114c,https://www.semanticscholar.org/paper/acfc17038bf97b3ba77ce0d308bb9a848cf0114c
178,bb0640fafd084ffb5d1555e269a40ea4b0e73e1d,https://www.semanticscholar.org/paper/bb0640fafd084ffb5d1555e269a40ea4b0e73e1d
179,4c0d092746f6e807517f58f433b8316eab5fd471,https://www.semanticscholar.org/paper/4c0d092746f6e807517f58f433b8316eab5fd471
180,d379b42546456a732d288f98814c78a90ab99788,https://www.semanticscholar.org/paper/d379b42546456a732d288f98814c78a90ab99788
181,2904f4db97715538199de7f1cc1395d81bfbaa43,https://www.semanticscholar.org/paper/2904f4db97715538199de7f1cc1395d81bfbaa43
182,cac5b71e255e9ee325955b03a7f0333489b449f9,https://www.semanticscholar.org/paper/cac5b71e255e9ee325955b03a7f0333489b449f9
183,74ee7de50acd1a65298bc48739a53cb004f1648b,https://www.semanticscholar.org/paper/74ee7de50acd1a65298bc48739a53cb004f1648b
184,fb2ea69feb8ce3b27007ea28621de7fa1c58283e,https://www.semanticscholar.org/paper/fb2ea69feb8ce3b27007ea28621de7fa1c58283e
185,4568ea602528a35cb59e2ba1e2cf14e7db0c4f11,https://www.semanticscholar.org/paper/4568ea602528a35cb59e2ba1e2cf14e7db0c4f11
186,7c7081c3b7452d5b7da3aa5405125a73015cabc0,https://www.semanticscholar.org/paper/7c7081c3b7452d5b7da3aa5405125a73015cabc0
187,5bf133362e48341abaf49c5b4fc83259d45a3c20,https://www.semanticscholar.org/paper/5bf133362e48341abaf49c5b4fc83259d45a3c20
188,83ab5cf89399bca5449f4a7baf1b1b3c2e1178c7,https://www.semanticscholar.org/paper/83ab5cf89399bca5449f4a7baf1b1b3c2e1178c7
189,47234e29caca7491d2fe93b9b3848e3656665b21,https://www.semanticscholar.org/paper/47234e29caca7491d2fe93b9b3848e3656665b21
190,cb0d881113617c89f83ec1575e92bd3327f83a7c,https://www.semanticscholar.org/paper/cb0d881113617c89f83ec1575e92bd3327f83a7c
191,6a24e528b9afd0cd18f85ecb686ed2e6f90ac805,https://www.semanticscholar.org/paper/6a24e528b9afd0cd18f85ecb686ed2e6f90ac805
192,5b1dfbce037975b9917549c74aa740f1bb7df430,https://www.semanticscholar.org/paper/5b1dfbce037975b9917549c74aa740f1bb7df430
193,3aafd92660dd99f2f2700351a0dede6b90d37de2,https://www.semanticscholar.org/paper/3aafd92660dd99f2f2700351a0dede6b90d37de2
194,d3b98aba8341c2af6553253549ab44db81741450,https://www.semanticscholar.org/paper/d3b98aba8341c2af6553253549ab44db81741450
195,0f50b7483f1b200ebf88c4dd7698de986399a0f3,https://www.semanticscholar.org/paper/0f50b7483f1b200ebf88c4dd7698de986399a0f3
196,a4ebc15e420688ddf27d740056083dea59841908,https://www.semanticscholar.org/paper/a4ebc15e420688ddf27d740056083dea59841908
197,2b1c1df1997ea7361456c1367de91a9f46e704c7,https://www.semanticscholar.org/paper/2b1c1df1997ea7361456c1367de91a9f46e704c7
198,17914c31e8297465dbf4104bc8576126c23f1d40,https://www.semanticscholar.org/paper/17914c31e8297465dbf4104bc8576126c23f1d40
199,e6d075f6bd364e8687a3386912114c2bd5ad8f0c,https://www.semanticscholar.org/paper/e6d075f6bd364e8687a3386912114c2bd5ad8f0c
200,0c4d525bd1837a4064810ccb518f11d17c7ce4df,https://www.semanticscholar.org/paper/0c4d525bd1837a4064810ccb518f11d17c7ce4df
201,682a5e5591997505ebc78fff80b4d794adc5bdc3,https://www.semanticscholar.org/paper/682a5e5591997505ebc78fff80b4d794adc5bdc3
202,86ddf17387941d75b34aa468130fb815c0174fe6,https://www.semanticscholar.org/paper/86ddf17387941d75b34aa468130fb815c0174fe6
203,ab1fdf600a539c7aa3f2df204d974d953d24b97d,https://www.semanticscholar.org/paper/ab1fdf600a539c7aa3f2df204d974d953d24b97d
204,73337d695c125d14df169201d3450a4446cb58e9,https://www.semanticscholar.org/paper/73337d695c125d14df169201d3450a4446cb58e9
205,494265ee3d8df399a3bb6db200e838c8345eea4e,https://www.semanticscholar.org/paper/494265ee3d8df399a3bb6db200e838c8345eea4e
206,b46557614a40433d963165089b42eccfe679e945,https://www.semanticscholar.org/paper/b46557614a40433d963165089b42eccfe679e945
207,4eec898d59004b173589aa95594f711c082697ed,https://www.semanticscholar.org/paper/4eec898d59004b173589aa95594f711c082697ed
208,cfe8f0ca99844f80d96d3dafff4564a8220f2e88,https://www.semanticscholar.org/paper/cfe8f0ca99844f80d96d3dafff4564a8220f2e88
209,b43bc17112d9fdea2135a63a47fb25f8689c8b4d,https://www.semanticscholar.org/paper/b43bc17112d9fdea2135a63a47fb25f8689c8b4d
210,9df6cc3bf35b70613abe95ad269ac74f169c9080,https://www.semanticscholar.org/paper/9df6cc3bf35b70613abe95ad269ac74f169c9080
211,0b15c6acfc9f7f92c52aa6a185a829f88975c743,https://www.semanticscholar.org/paper/0b15c6acfc9f7f92c52aa6a185a829f88975c743
212,07775d812c00a97aaa57b55596b39e26b8baaa0b,https://www.semanticscholar.org/paper/07775d812c00a97aaa57b55596b39e26b8baaa0b
213,00dbcdfd3b4b6ea362b2897d8c94d31609c62b9d,https://www.semanticscholar.org/paper/00dbcdfd3b4b6ea362b2897d8c94d31609c62b9d
214,75e3475cf49caf1dbbcad526b0132b455dc88dd5,https://www.semanticscholar.org/paper/75e3475cf49caf1dbbcad526b0132b455dc88dd5
215,828b174427d60282a63ec2b204183869e2ac9692,https://www.semanticscholar.org/paper/828b174427d60282a63ec2b204183869e2ac9692
216,661b9a611089376628cc0c5b9b1d148a4ccdcb7d,https://www.semanticscholar.org/paper/661b9a611089376628cc0c5b9b1d148a4ccdcb7d
217,40ca4d783e370df047792e3ba18f242ff2cf15ce,https://www.semanticscholar.org/paper/40ca4d783e370df047792e3ba18f242ff2cf15ce
218,714aeec1c03fb955f91a4f273ef17b705dbbc85f,https://www.semanticscholar.org/paper/714aeec1c03fb955f91a4f273ef17b705dbbc85f
219,6759bb74e22dbe89f0a5ca17cd7c09c87a58727c,https://www.semanticscholar.org/paper/6759bb74e22dbe89f0a5ca17cd7c09c87a58727c
220,87f22d09febda47d7b59d0ae29f1405ad2c68e8a,https://www.semanticscholar.org/paper/87f22d09febda47d7b59d0ae29f1405ad2c68e8a
221,3b32e2193aaaef8643f8df9de532461407e41c34,https://www.semanticscholar.org/paper/3b32e2193aaaef8643f8df9de532461407e41c34
222,572c890478b96e3be80bf1b72013ecf06ccf486b,https://www.semanticscholar.org/paper/572c890478b96e3be80bf1b72013ecf06ccf486b
223,48fa108efc9ae0f9e3befa6560fffdf82a9f2144,https://www.semanticscholar.org/paper/48fa108efc9ae0f9e3befa6560fffdf82a9f2144
224,78945600ceb65657fb5ac88023c42d9f8a518424,https://www.semanticscholar.org/paper/78945600ceb65657fb5ac88023c42d9f8a518424
225,9defe3ccb206608797ea6b5a18359dbb24927a71,https://www.semanticscholar.org/paper/9defe3ccb206608797ea6b5a18359dbb24927a71
226,5922f437512158970c417f4413bface021df5f78,https://www.semanticscholar.org/paper/5922f437512158970c417f4413bface021df5f78
227,46506ff15976fec7ddb7ee709edd857e6b98fb1c,https://www.semanticscholar.org/paper/46506ff15976fec7ddb7ee709edd857e6b98fb1c
228,61b10be75f4554b69762aaa8a445dc83230ea35b,https://www.semanticscholar.org/paper/61b10be75f4554b69762aaa8a445dc83230ea35b
229,05e882679d61f4c64a68ebe21826251a39f87e98,https://www.semanticscholar.org/paper/05e882679d61f4c64a68ebe21826251a39f87e98
230,b641301eef557a9d26495522586bb59266d8a320,https://www.semanticscholar.org/paper/b641301eef557a9d26495522586bb59266d8a320
231,bab9953522d65c64956949711ba45de611d23fb6,https://www.semanticscholar.org/paper/bab9953522d65c64956949711ba45de611d23fb6
232,11f99c87e8688bb2ba2c827d65e801d0f5c044ed,https://www.semanticscholar.org/paper/11f99c87e8688bb2ba2c827d65e801d0f5c044ed
233,e92b81d6cb49cedcc98c2175377450dd6505673e,https://www.semanticscholar.org/paper/e92b81d6cb49cedcc98c2175377450dd6505673e
234,714beceee04a4ab07a971ff69961972b2e740eb5,https://www.semanticscholar.org/paper/714beceee04a4ab07a971ff69961972b2e740eb5
235,817f17411bf426e72c86f9551752ac93912c72be,https://www.semanticscholar.org/paper/817f17411bf426e72c86f9551752ac93912c72be
236,8516589668d424950e971cb456ff33478fa37e2f,https://www.semanticscholar.org/paper/8516589668d424950e971cb456ff33478fa37e2f
237,59e07599eada796b718482c027b6feb4a27034ee,https://www.semanticscholar.org/paper/59e07599eada796b718482c027b6feb4a27034ee
238,740c5f69028a6d436350720d17dca9b5bb96acdd,https://www.semanticscholar.org/paper/740c5f69028a6d436350720d17dca9b5bb96acdd
239,494aedf82da4755badc1fe74e4d21cf5fc029e9d,https://www.semanticscholar.org/paper/494aedf82da4755badc1fe74e4d21cf5fc029e9d
240,ea349162d97873d4493502e205968ffccb23fcf2,https://www.semanticscholar.org/paper/ea349162d97873d4493502e205968ffccb23fcf2
241,d227ec1ba2361ed4e7767d7cc2f25994bed2f421,https://www.semanticscholar.org/paper/d227ec1ba2361ed4e7767d7cc2f25994bed2f421
242,939e4f98e327c028911ffa477a568732139a48fb,https://www.semanticscholar.org/paper/939e4f98e327c028911ffa477a568732139a48fb
243,142ebbf4760145f591166bde2564ac70c001e927,https://www.semanticscholar.org/paper/142ebbf4760145f591166bde2564ac70c001e927
244,d7a4c42b1f68e0e0fc927e41ed22fe2968074608,https://www.semanticscholar.org/paper/d7a4c42b1f68e0e0fc927e41ed22fe2968074608
245,265648fc5ef706550d3f62e26f1cb318f0c9d758,https://www.semanticscholar.org/paper/265648fc5ef706550d3f62e26f1cb318f0c9d758
246,d29fb8c2183a909353c5c4ff80724f1fa2335172,https://www.semanticscholar.org/paper/d29fb8c2183a909353c5c4ff80724f1fa2335172
247,17b5ba3695d263dfd460d5df11e43f979da01d16,https://www.semanticscholar.org/paper/17b5ba3695d263dfd460d5df11e43f979da01d16
248,5fcd4e5bc2e66089986d8648062cde3602e162fd,https://www.semanticscholar.org/paper/5fcd4e5bc2e66089986d8648062cde3602e162fd
249,366285d6b8e9360709641e1467b3e3bbb26b6d75,https://www.semanticscholar.org/paper/366285d6b8e9360709641e1467b3e3bbb26b6d75
250,6f36fe331000be580defe0338934c249ae70ab13,https://www.semanticscholar.org/paper/6f36fe331000be580defe0338934c249ae70ab13
251,a9f740e16c05063a81d07b250d3bbd67884beb2b,https://www.semanticscholar.org/paper/a9f740e16c05063a81d07b250d3bbd67884beb2b
252,57b1ec4922fe5111725888e00098c3f988d6e224,https://www.semanticscholar.org/paper/57b1ec4922fe5111725888e00098c3f988d6e224
253,7a95b0ddca0749c0ccf5b4e7d5b20de1b6d3ae81,https://www.semanticscholar.org/paper/7a95b0ddca0749c0ccf5b4e7d5b20de1b6d3ae81
254,470d47a89d02ad0c0e52feac8ffe026b7a5e58c3,https://www.semanticscholar.org/paper/470d47a89d02ad0c0e52feac8ffe026b7a5e58c3
255,4879e45f30712f6966017db74daad675255226df,https://www.semanticscholar.org/paper/4879e45f30712f6966017db74daad675255226df
256,3e4a500d60aba8bc4b3b4946a9466878c20baaad,https://www.semanticscholar.org/paper/3e4a500d60aba8bc4b3b4946a9466878c20baaad
257,a3cbbf657026fa0acecbd32a0a76a7f1164cfd50,https://www.semanticscholar.org/paper/a3cbbf657026fa0acecbd32a0a76a7f1164cfd50
258,34ddd8865569c2c32dec9bf7ffc817ff42faaa01,https://www.semanticscholar.org/paper/34ddd8865569c2c32dec9bf7ffc817ff42faaa01
259,62064218665ad89f0cb2a44f5b19f7703d9c7e71,https://www.semanticscholar.org/paper/62064218665ad89f0cb2a44f5b19f7703d9c7e71
260,412516df9678eea299bef9025a34b63a61ca9a97,https://www.semanticscholar.org/paper/412516df9678eea299bef9025a34b63a61ca9a97
261,80f1e06bc8529e395f63fefd895e7db01433f670,https://www.semanticscholar.org/paper/80f1e06bc8529e395f63fefd895e7db01433f670
262,b3c2c9f53ab130f3eb76eaaab3afa481c5a405eb,https://www.semanticscholar.org/paper/b3c2c9f53ab130f3eb76eaaab3afa481c5a405eb
263,7087ac4942273531017c3661142cd514aa8faef2,https://www.semanticscholar.org/paper/7087ac4942273531017c3661142cd514aa8faef2
264,8011e5235817407b860d5d92a8ff45e31b2bf030,https://www.semanticscholar.org/paper/8011e5235817407b860d5d92a8ff45e31b2bf030
265,358a454e05fe62795d1797b04594e066c914b7cc,https://www.semanticscholar.org/paper/358a454e05fe62795d1797b04594e066c914b7cc
266,de8f28d01b9988c912034860165939eec36e6fd8,https://www.semanticscholar.org/paper/de8f28d01b9988c912034860165939eec36e6fd8
267,680c260ccdba6676a3ee0b9f43979f3b38b26888,https://www.semanticscholar.org/paper/680c260ccdba6676a3ee0b9f43979f3b38b26888
268,eb5613b4c911840c8b467919da3a2313d0f74f79,https://www.semanticscholar.org/paper/eb5613b4c911840c8b467919da3a2313d0f74f79
269,18858cc936947fc96b5c06bbe3c6c2faa5614540,https://www.semanticscholar.org/paper/18858cc936947fc96b5c06bbe3c6c2faa5614540
270,ebe73a7549897bd4e226cf24b7a5c3f41c988679,https://www.semanticscholar.org/paper/ebe73a7549897bd4e226cf24b7a5c3f41c988679
271,2da2650d25d40bbb5b1480a4f208f70c1b946b94,https://www.semanticscholar.org/paper/2da2650d25d40bbb5b1480a4f208f70c1b946b94
272,cf094b17a6617f8abf0e66e2d39252fb43026ee2,https://www.semanticscholar.org/paper/cf094b17a6617f8abf0e66e2d39252fb43026ee2
273,5b2420f9e00b311f451a4fd10168960c8622cbef,https://www.semanticscholar.org/paper/5b2420f9e00b311f451a4fd10168960c8622cbef
274,dd50a27b8107f01d2661acbf7a012013a9d7db77,https://www.semanticscholar.org/paper/dd50a27b8107f01d2661acbf7a012013a9d7db77
275,6c8508b13822e755019c3cda322ade97539448e8,https://www.semanticscholar.org/paper/6c8508b13822e755019c3cda322ade97539448e8
276,88762ea912c2e8e275c31b84c693e437fce80864,https://www.semanticscholar.org/paper/88762ea912c2e8e275c31b84c693e437fce80864
277,d61c93c848008c824a0a962a79be6e6aaa414b62,https://www.semanticscholar.org/paper/d61c93c848008c824a0a962a79be6e6aaa414b62
278,16aa3ce435c1a47b12cae651cff369f9046b9df0,https://www.semanticscholar.org/paper/16aa3ce435c1a47b12cae651cff369f9046b9df0
279,eaea20459aecdcbf7887685642225a277eeb7824,https://www.semanticscholar.org/paper/eaea20459aecdcbf7887685642225a277eeb7824
280,8b49be6d5153c935f379966167e4e576f59478b2,https://www.semanticscholar.org/paper/8b49be6d5153c935f379966167e4e576f59478b2
281,90006064cafcb0a9ad8a30cffeb56efe7e14129b,https://www.semanticscholar.org/paper/90006064cafcb0a9ad8a30cffeb56efe7e14129b
282,1c2d2966f0f7bbb1c4abb735a7c8f7ec802645fb,https://www.semanticscholar.org/paper/1c2d2966f0f7bbb1c4abb735a7c8f7ec802645fb
283,45eb39e69062445992a3220299ca9c618907ccbf,https://www.semanticscholar.org/paper/45eb39e69062445992a3220299ca9c618907ccbf
284,6655c4e05fbdeb7be544064e8b897feb19fe346d,https://www.semanticscholar.org/paper/6655c4e05fbdeb7be544064e8b897feb19fe346d
285,550f2a52172ebd8a47ecbe9f97ff360b10a66cfa,https://www.semanticscholar.org/paper/550f2a52172ebd8a47ecbe9f97ff360b10a66cfa
286,82c50d953686d14cbac38dad70dd5cb862d3cf75,https://www.semanticscholar.org/paper/82c50d953686d14cbac38dad70dd5cb862d3cf75
287,046c4276b72e21731150c0655519ec717d8f5bad,https://www.semanticscholar.org/paper/046c4276b72e21731150c0655519ec717d8f5bad
288,448a11933178fefbe6136e1189704681503d9fe6,https://www.semanticscholar.org/paper/448a11933178fefbe6136e1189704681503d9fe6
289,4867bf4141200d9702af0b739b5182e7d5fd1a9a,https://www.semanticscholar.org/paper/4867bf4141200d9702af0b739b5182e7d5fd1a9a
290,fd2eeedf8eda56aa53b51c7d7fe690780d121f22,https://www.semanticscholar.org/paper/fd2eeedf8eda56aa53b51c7d7fe690780d121f22
291,d1ef7daefbf83333c3faa2784e834e6e6171a2e0,https://www.semanticscholar.org/paper/d1ef7daefbf83333c3faa2784e834e6e6171a2e0
292,3bcc362c6318a6d891f38c0f97e9a0c618fbd66b,https://www.semanticscholar.org/paper/3bcc362c6318a6d891f38c0f97e9a0c618fbd66b
293,d25a71083e5ed0b19f98ee9174c620f850cff429,https://www.semanticscholar.org/paper/d25a71083e5ed0b19f98ee9174c620f850cff429
294,4919192462901d4e3cebcb67653f1ff21e2c78aa,https://www.semanticscholar.org/paper/4919192462901d4e3cebcb67653f1ff21e2c78aa
295,8e033f8c366ae250f3bad023e810b5c171a14e30,https://www.semanticscholar.org/paper/8e033f8c366ae250f3bad023e810b5c171a14e30
296,92e688d64c74e222d79cb3a9add174a8d7b4f744,https://www.semanticscholar.org/paper/92e688d64c74e222d79cb3a9add174a8d7b4f744
297,b8ec853894551c0e7a822df50dc04eccd613d46f,https://www.semanticscholar.org/paper/b8ec853894551c0e7a822df50dc04eccd613d46f
298,a9768691b621c9d833ea7416ee85698e3f63767f,https://www.semanticscholar.org/paper/a9768691b621c9d833ea7416ee85698e3f63767f
299,b1250bb76f81cb120d96336997b83e3fd9174a4a,https://www.semanticscholar.org/paper/b1250bb76f81cb120d96336997b83e3fd9174a4a
300,8264d51143b89e6f71af902dd9e2d32e256019f5,https://www.semanticscholar.org/paper/8264d51143b89e6f71af902dd9e2d32e256019f5
301,a605bbba71c62534dae9cdebd270e286714c0554,https://www.semanticscholar.org/paper/a605bbba71c62534dae9cdebd270e286714c0554
302,2ee463bba9d4db6aec0eab17e54431a6dc80bf17,https://www.semanticscholar.org/paper/2ee463bba9d4db6aec0eab17e54431a6dc80bf17
303,25193cead70c6ed7925ccbc42ca4f5bea5ebf1e0,https://www.semanticscholar.org/paper/25193cead70c6ed7925ccbc42ca4f5bea5ebf1e0
304,b31bdd03dd51eb602cb3573d8d84604b5b9a8c08,https://www.semanticscholar.org/paper/b31bdd03dd51eb602cb3573d8d84604b5b9a8c08
305,69c8c6da7f9c68436d1724a8e1be6faaf3047747,https://www.semanticscholar.org/paper/69c8c6da7f9c68436d1724a8e1be6faaf3047747
306,a5fb26118e16073b1cf2a57a88d00f215fd15295,https://www.semanticscholar.org/paper/a5fb26118e16073b1cf2a57a88d00f215fd15295
307,d1f407b16fb8d99487baee37ed0805676c58e7ac,https://www.semanticscholar.org/paper/d1f407b16fb8d99487baee37ed0805676c58e7ac
308,7455bdcaf73153f6471508397af024dd3ce525fc,https://www.semanticscholar.org/paper/7455bdcaf73153f6471508397af024dd3ce525fc
309,7c281027685fe2e650bdbd2d6c471f38b0a993f1,https://www.semanticscholar.org/paper/7c281027685fe2e650bdbd2d6c471f38b0a993f1
310,41dcd43a03a3baaa51de7ac3a1ac458018b485f7,https://www.semanticscholar.org/paper/41dcd43a03a3baaa51de7ac3a1ac458018b485f7
311,c6506e3d16ff15be7ddbbb317c36061a0a8452b7,https://www.semanticscholar.org/paper/c6506e3d16ff15be7ddbbb317c36061a0a8452b7
312,966477e052d8b349bd2726333890946725a96c91,https://www.semanticscholar.org/paper/966477e052d8b349bd2726333890946725a96c91
313,e2d8a74d1d7d1cf406d44cdc768a5e149bdc1005,https://www.semanticscholar.org/paper/e2d8a74d1d7d1cf406d44cdc768a5e149bdc1005
314,a0390b8d4a82daa1d24bba341b317aa710e4ce4d,https://www.semanticscholar.org/paper/a0390b8d4a82daa1d24bba341b317aa710e4ce4d
315,1d98ff641a43c43d4c748a2214f0c9584a001a2b,https://www.semanticscholar.org/paper/1d98ff641a43c43d4c748a2214f0c9584a001a2b
316,0a831a904cef7977add956ce2b624639c22f5fd9,https://www.semanticscholar.org/paper/0a831a904cef7977add956ce2b624639c22f5fd9
317,816466d3d9b3a9a54a4b3ffce3123ad994615b59,https://www.semanticscholar.org/paper/816466d3d9b3a9a54a4b3ffce3123ad994615b59
318,2f015aad7324bb68eff5d1a42744ac106caf5485,https://www.semanticscholar.org/paper/2f015aad7324bb68eff5d1a42744ac106caf5485
319,f068c285e7ffe09886b944cc0144c88afe65825b,https://www.semanticscholar.org/paper/f068c285e7ffe09886b944cc0144c88afe65825b
320,f1173ca43481c1b33f4e7891ce77200e51eecba2,https://www.semanticscholar.org/paper/f1173ca43481c1b33f4e7891ce77200e51eecba2
321,82018e42e928474828c84eebd6408dbae550bdfe,https://www.semanticscholar.org/paper/82018e42e928474828c84eebd6408dbae550bdfe
322,85607f5ffac125787e981acfa9ec71100168ef31,https://www.semanticscholar.org/paper/85607f5ffac125787e981acfa9ec71100168ef31
323,53ec35a8d9ba567663575f604d99df664d654837,https://www.semanticscholar.org/paper/53ec35a8d9ba567663575f604d99df664d654837
324,14cc441df61780b9d8dcd8d0150f3c9a7f19a570,https://www.semanticscholar.org/paper/14cc441df61780b9d8dcd8d0150f3c9a7f19a570
325,c77e36bef16d2fddf05ac56af267496c97b700fa,https://www.semanticscholar.org/paper/c77e36bef16d2fddf05ac56af267496c97b700fa
326,270fae47e84b06305327dd2082c8c1ea0b9b059f,https://www.semanticscholar.org/paper/270fae47e84b06305327dd2082c8c1ea0b9b059f
327,7aa009fea3c6954403bc6ad0ddb0d4b4787d91cc,https://www.semanticscholar.org/paper/7aa009fea3c6954403bc6ad0ddb0d4b4787d91cc
328,b36acdfc67612d707c95d1ed282672d3ca262be7,https://www.semanticscholar.org/paper/b36acdfc67612d707c95d1ed282672d3ca262be7
329,03496194970c2fe6a01f5792ffc492445975bf0b,https://www.semanticscholar.org/paper/03496194970c2fe6a01f5792ffc492445975bf0b
330,64d49343bd7b86d1def79aeb2e3c3140fc642751,https://www.semanticscholar.org/paper/64d49343bd7b86d1def79aeb2e3c3140fc642751
331,baa11c22857ff80d5da7f6593c235f1bebe650c6,https://www.semanticscholar.org/paper/baa11c22857ff80d5da7f6593c235f1bebe650c6
332,eb87e0bb073e5649e90d7dbcd7a8122cddec9a7d,https://www.semanticscholar.org/paper/eb87e0bb073e5649e90d7dbcd7a8122cddec9a7d
333,f54b87e262bae5daeeab0cc5a17a36318af4537c,https://www.semanticscholar.org/paper/f54b87e262bae5daeeab0cc5a17a36318af4537c
334,21eec09ac9a10b1719856a5fac73058708c7d889,https://www.semanticscholar.org/paper/21eec09ac9a10b1719856a5fac73058708c7d889
335,e4e776bd93fd7f72d5e94303294d3b04c6129242,https://www.semanticscholar.org/paper/e4e776bd93fd7f72d5e94303294d3b04c6129242
336,4e0dc71be3df802c98c41b1873634c34778f5a8d,https://www.semanticscholar.org/paper/4e0dc71be3df802c98c41b1873634c34778f5a8d
337,e0329625a80059e3090d3d41d6e5ad3a4ff9be2c,https://www.semanticscholar.org/paper/e0329625a80059e3090d3d41d6e5ad3a4ff9be2c
338,645bd6eadc247989abc5e0b0aa0be79ec8b11ea6,https://www.semanticscholar.org/paper/645bd6eadc247989abc5e0b0aa0be79ec8b11ea6
339,4b2797a1b64f533cd27368e92752339dbc1be699,https://www.semanticscholar.org/paper/4b2797a1b64f533cd27368e92752339dbc1be699
340,1e3f9538b46e98feee6fbebe7781c073a31cc8f1,https://www.semanticscholar.org/paper/1e3f9538b46e98feee6fbebe7781c073a31cc8f1
341,fb2b105378cb7b8041dbee6bc6de1ed571a993ea,https://www.semanticscholar.org/paper/fb2b105378cb7b8041dbee6bc6de1ed571a993ea
342,9d1032ab3d90868deda56894cb5ea960c180e1d2,https://www.semanticscholar.org/paper/9d1032ab3d90868deda56894cb5ea960c180e1d2
343,c4d5dee81baa10f57e6cc0dbcbf9eb3a9867f425,https://www.semanticscholar.org/paper/c4d5dee81baa10f57e6cc0dbcbf9eb3a9867f425
344,9f18421aaf00d21c6ab94980a48ad247766e48d5,https://www.semanticscholar.org/paper/9f18421aaf00d21c6ab94980a48ad247766e48d5
345,8dd351d4cb1ed85d0c4e573d173536c54c11ff25,https://www.semanticscholar.org/paper/8dd351d4cb1ed85d0c4e573d173536c54c11ff25
346,11d36720ebf0a91e7b24b2af76fa0e122cd8e605,https://www.semanticscholar.org/paper/11d36720ebf0a91e7b24b2af76fa0e122cd8e605
347,458fa18965e41ddf9752d461c2ac7f71a6033cf0,https://www.semanticscholar.org/paper/458fa18965e41ddf9752d461c2ac7f71a6033cf0
348,b3479fdf0ef687bab898d3940064d3327e0bb382,https://www.semanticscholar.org/paper/b3479fdf0ef687bab898d3940064d3327e0bb382
349,0c6657b5de5d126b2998d114f8c94b5df1cdfbbd,https://www.semanticscholar.org/paper/0c6657b5de5d126b2998d114f8c94b5df1cdfbbd
350,7dcb9ef357102c6ca71bbc668bf8a45676787059,https://www.semanticscholar.org/paper/7dcb9ef357102c6ca71bbc668bf8a45676787059
351,d294e31d4c01798dbe834aa20ccb506f4b297cb4,https://www.semanticscholar.org/paper/d294e31d4c01798dbe834aa20ccb506f4b297cb4
352,dc65a0042ac83746746037f240835fd6c0c62138,https://www.semanticscholar.org/paper/dc65a0042ac83746746037f240835fd6c0c62138
353,d84322d17daa984c1260a6b864ee52c635a66e03,https://www.semanticscholar.org/paper/d84322d17daa984c1260a6b864ee52c635a66e03
354,c9f343b492c170c726f607c255ec6c7177dc5800,https://www.semanticscholar.org/paper/c9f343b492c170c726f607c255ec6c7177dc5800
355,6efffe159160ceffcd030df9c7e4c8ce94ca2e08,https://www.semanticscholar.org/paper/6efffe159160ceffcd030df9c7e4c8ce94ca2e08
356,0391b21dd7f4514e58376e4deee78c4164832479,https://www.semanticscholar.org/paper/0391b21dd7f4514e58376e4deee78c4164832479
357,6ae6fac98b9a52c3cc3800153c9678b9f1f5c9ee,https://www.semanticscholar.org/paper/6ae6fac98b9a52c3cc3800153c9678b9f1f5c9ee
358,4cff40ff92abb457cb5f4c26d904e0b60f6d38c2,https://www.semanticscholar.org/paper/4cff40ff92abb457cb5f4c26d904e0b60f6d38c2
359,865e4d7a72143c8c7af21ef5462b5ed1fc61bf74,https://www.semanticscholar.org/paper/865e4d7a72143c8c7af21ef5462b5ed1fc61bf74
360,e83f167144c9cf7eefb3e01e6b490656a16705e5,https://www.semanticscholar.org/paper/e83f167144c9cf7eefb3e01e6b490656a16705e5
361,8113e3163ba748a5361fd6abea26ee2e5298cd16,https://www.semanticscholar.org/paper/8113e3163ba748a5361fd6abea26ee2e5298cd16
362,6b7ab643d3a014eeea582e6f0d7f0ccbdf5748a2,https://www.semanticscholar.org/paper/6b7ab643d3a014eeea582e6f0d7f0ccbdf5748a2
363,fa96245255f18739dab9e70cc4ae5dda0765b509,https://www.semanticscholar.org/paper/fa96245255f18739dab9e70cc4ae5dda0765b509
364,9f3d5ded7770d6a162f7814c523e08c25ddac453,https://www.semanticscholar.org/paper/9f3d5ded7770d6a162f7814c523e08c25ddac453
365,40322efad1be8b03541348fd56cfa1d37e279075,https://www.semanticscholar.org/paper/40322efad1be8b03541348fd56cfa1d37e279075
366,61a4c58e3bac9928a9c139b23d6ea27e5891e6db,https://www.semanticscholar.org/paper/61a4c58e3bac9928a9c139b23d6ea27e5891e6db
367,13975b179b61d88481fcd50a2991e24912394842,https://www.semanticscholar.org/paper/13975b179b61d88481fcd50a2991e24912394842
368,7f95d982f8ed3189d84577f1fdf07f93c99423f2,https://www.semanticscholar.org/paper/7f95d982f8ed3189d84577f1fdf07f93c99423f2
369,58c07555f6c884f5f5417ec728eb081bf9bf0f6d,https://www.semanticscholar.org/paper/58c07555f6c884f5f5417ec728eb081bf9bf0f6d
370,9a522bdd86531839ff292d096e0c4050b787de02,https://www.semanticscholar.org/paper/9a522bdd86531839ff292d096e0c4050b787de02
371,5973278f9a9657d8fbdb161cd2c6c33ba0bceac2,https://www.semanticscholar.org/paper/5973278f9a9657d8fbdb161cd2c6c33ba0bceac2
372,6a553c3676fefbab7bda3ae8f4666def3ac7d2d4,https://www.semanticscholar.org/paper/6a553c3676fefbab7bda3ae8f4666def3ac7d2d4
373,235723a15c86c369c99a42e7b666dfe156ad2cba,https://www.semanticscholar.org/paper/235723a15c86c369c99a42e7b666dfe156ad2cba
374,eadf1e7ce471b0a249a5f559d24cc664df3a53fd,https://www.semanticscholar.org/paper/eadf1e7ce471b0a249a5f559d24cc664df3a53fd
375,d9adf1cb2c7001821c75658bfdf35eb9be1ac625,https://www.semanticscholar.org/paper/d9adf1cb2c7001821c75658bfdf35eb9be1ac625
376,8c5d7bb2fdcc778d69c4872cf6330147555f50d6,https://www.semanticscholar.org/paper/8c5d7bb2fdcc778d69c4872cf6330147555f50d6
377,3abc4cc094f3378473ea9eeb79d2c0dc8a258b21,https://www.semanticscholar.org/paper/3abc4cc094f3378473ea9eeb79d2c0dc8a258b21
378,2fe6759b0e9757df70ca3db1e1dd9bd1c5a5bda5,https://www.semanticscholar.org/paper/2fe6759b0e9757df70ca3db1e1dd9bd1c5a5bda5
379,0cad16f5b51c226afe16ac7f498998b2a6c176c2,https://www.semanticscholar.org/paper/0cad16f5b51c226afe16ac7f498998b2a6c176c2
380,b88734e99f250eaf650138da52b9e97fb262140a,https://www.semanticscholar.org/paper/b88734e99f250eaf650138da52b9e97fb262140a
381,0e960f7aab5127e0cf2c7f59dc0eb448b3643ca2,https://www.semanticscholar.org/paper/0e960f7aab5127e0cf2c7f59dc0eb448b3643ca2
382,fef440c68e94535818e7b2c2334a960f0df59084,https://www.semanticscholar.org/paper/fef440c68e94535818e7b2c2334a960f0df59084
383,6b5ad3ad6cdf7ecec40b386dba5e05abb6683a2c,https://www.semanticscholar.org/paper/6b5ad3ad6cdf7ecec40b386dba5e05abb6683a2c
384,e1d5d443044d7f27cd8bf2dab87ec61828eb22c0,https://www.semanticscholar.org/paper/e1d5d443044d7f27cd8bf2dab87ec61828eb22c0
385,19d12f7f8905d8af35905d768360f5c61aa8fdca,https://www.semanticscholar.org/paper/19d12f7f8905d8af35905d768360f5c61aa8fdca
386,f52dd4fa9266cc38e7734e4d378fcd12f7d08d6d,https://www.semanticscholar.org/paper/f52dd4fa9266cc38e7734e4d378fcd12f7d08d6d
387,23dd80a962b9be9d1a8dda00abc6f4cb500b2502,https://www.semanticscholar.org/paper/23dd80a962b9be9d1a8dda00abc6f4cb500b2502
388,081f98b815dfbe8a4f29a38c7cde3cb6aa99f001,https://www.semanticscholar.org/paper/081f98b815dfbe8a4f29a38c7cde3cb6aa99f001
389,29890a936639862f45cb9a987dd599dce9759bf5,https://www.semanticscholar.org/paper/29890a936639862f45cb9a987dd599dce9759bf5
390,ff2596d82b6df529c1b0a9ad1bfdebcd9ccd05fa,https://www.semanticscholar.org/paper/ff2596d82b6df529c1b0a9ad1bfdebcd9ccd05fa
391,fc55f48ca49700b620166b7bc7496b6d6e758d1f,https://www.semanticscholar.org/paper/fc55f48ca49700b620166b7bc7496b6d6e758d1f
392,cbf836edefbb9cd18dc04a3167b5200876f085ed,https://www.semanticscholar.org/paper/cbf836edefbb9cd18dc04a3167b5200876f085ed
393,579c51b796115b788e0a2f8f6c48526d944b8511,https://www.semanticscholar.org/paper/579c51b796115b788e0a2f8f6c48526d944b8511
394,8507fe62d1dfd3c47a732573094dcfb6ad479461,https://www.semanticscholar.org/paper/8507fe62d1dfd3c47a732573094dcfb6ad479461
395,62788c51c6dcc877328849ef50cb5c274b51a9b7,https://www.semanticscholar.org/paper/62788c51c6dcc877328849ef50cb5c274b51a9b7
396,ca6fdca624a1a269a7d2ce978a422d5f31260657,https://www.semanticscholar.org/paper/ca6fdca624a1a269a7d2ce978a422d5f31260657
397,d383bc8ea780ffcb7b095bd3a1256903229e7259,https://www.semanticscholar.org/paper/d383bc8ea780ffcb7b095bd3a1256903229e7259
398,70a4d654151234924c0a7ce7822f12108bf3db49,https://www.semanticscholar.org/paper/70a4d654151234924c0a7ce7822f12108bf3db49
399,3fb7e9c8794fbc150a842951240b776ae2ab9e1c,https://www.semanticscholar.org/paper/3fb7e9c8794fbc150a842951240b776ae2ab9e1c
400,637a4dd4ce58cba58e921f927aa1e96b3fb6bdea,https://www.semanticscholar.org/paper/637a4dd4ce58cba58e921f927aa1e96b3fb6bdea
401,f498fd9625b77a1f19d345e76fdbedd89f9b2c18,https://www.semanticscholar.org/paper/f498fd9625b77a1f19d345e76fdbedd89f9b2c18
402,e6db5bda37e2b2f00eac25c6ad41d1f41e229540,https://www.semanticscholar.org/paper/e6db5bda37e2b2f00eac25c6ad41d1f41e229540
403,9d9b4cc02fc0ac6fe7eac649599db1a47cf99d89,https://www.semanticscholar.org/paper/9d9b4cc02fc0ac6fe7eac649599db1a47cf99d89
404,9442019231e11d3e6eb3d4729dcaad7d7871c62c,https://www.semanticscholar.org/paper/9442019231e11d3e6eb3d4729dcaad7d7871c62c
405,e8c4a48b1cf6d8a3826fa2ade872e989923781ea,https://www.semanticscholar.org/paper/e8c4a48b1cf6d8a3826fa2ade872e989923781ea
406,c6bd8f9194367e162c2202af89acbedd4c3435d8,https://www.semanticscholar.org/paper/c6bd8f9194367e162c2202af89acbedd4c3435d8
407,9365aadd23d2f2a0eb666e01d4014a2f4aa92a52,https://www.semanticscholar.org/paper/9365aadd23d2f2a0eb666e01d4014a2f4aa92a52
408,e5f9cb8eeeb5da552c3790516597b8f97dc6abec,https://www.semanticscholar.org/paper/e5f9cb8eeeb5da552c3790516597b8f97dc6abec
409,a22c332cb227b562173629bdd482374d28838b74,https://www.semanticscholar.org/paper/a22c332cb227b562173629bdd482374d28838b74
410,e6f0d40930225331fd7279f84c9da377a84a9704,https://www.semanticscholar.org/paper/e6f0d40930225331fd7279f84c9da377a84a9704
411,b38b13a6b206d2e19323faff946a3ad780bb312e,https://www.semanticscholar.org/paper/b38b13a6b206d2e19323faff946a3ad780bb312e
412,a947ccbad20b4d85b9bf59f0ca41faa4078a8860,https://www.semanticscholar.org/paper/a947ccbad20b4d85b9bf59f0ca41faa4078a8860
413,d94f1ac9543035615730bc74fd577e5168e0f64f,https://www.semanticscholar.org/paper/d94f1ac9543035615730bc74fd577e5168e0f64f
414,32948ae25dbd35f2d94a59c27f6bee935bd602b8,https://www.semanticscholar.org/paper/32948ae25dbd35f2d94a59c27f6bee935bd602b8
415,06439c29150efb6441bfc928dfa5c0e0967edd9b,https://www.semanticscholar.org/paper/06439c29150efb6441bfc928dfa5c0e0967edd9b
416,70bbf1651e1428bbef3e367559405845b2dc19c1,https://www.semanticscholar.org/paper/70bbf1651e1428bbef3e367559405845b2dc19c1
417,93a17aeee3ff88339f198e949a21834d67e61881,https://www.semanticscholar.org/paper/93a17aeee3ff88339f198e949a21834d67e61881
418,95335f0defc11437c8dfee1f2ca633dc365c673e,https://www.semanticscholar.org/paper/95335f0defc11437c8dfee1f2ca633dc365c673e
419,8a68ca7c5ba4d92de3435961f88188d0b769b920,https://www.semanticscholar.org/paper/8a68ca7c5ba4d92de3435961f88188d0b769b920
420,9d1f9406ed676171d9975e27606c95633ca898b1,https://www.semanticscholar.org/paper/9d1f9406ed676171d9975e27606c95633ca898b1
421,a4afe0a27f860ffac573c0f2ae9f9a3b8c9ad456,https://www.semanticscholar.org/paper/a4afe0a27f860ffac573c0f2ae9f9a3b8c9ad456
422,31d52d4ac9ed7e37c0d418e7df056f9ad0443254,https://www.semanticscholar.org/paper/31d52d4ac9ed7e37c0d418e7df056f9ad0443254
423,ca7668d7fe59fb0505dc25ce2f04d2f430a2cbc2,https://www.semanticscholar.org/paper/ca7668d7fe59fb0505dc25ce2f04d2f430a2cbc2
424,cadb9dc09403e8a3b70bbc30dcc26c324a38b36e,https://www.semanticscholar.org/paper/cadb9dc09403e8a3b70bbc30dcc26c324a38b36e
425,b886abfd26a08a948f3ffc1a726e2e44c0c17ff3,https://www.semanticscholar.org/paper/b886abfd26a08a948f3ffc1a726e2e44c0c17ff3
426,afe0dd8da9a932a17b8d86f200d826dd17b9cc25,https://www.semanticscholar.org/paper/afe0dd8da9a932a17b8d86f200d826dd17b9cc25
427,dd6fedc74627fa3963f0ad990b67f7a0df282f6a,https://www.semanticscholar.org/paper/dd6fedc74627fa3963f0ad990b67f7a0df282f6a
428,d7f0098162f8b9a5c0897c361b280c8462844144,https://www.semanticscholar.org/paper/d7f0098162f8b9a5c0897c361b280c8462844144
429,af0adbaa0c1ea6abaed4b3d21f1dc4121c35fb30,https://www.semanticscholar.org/paper/af0adbaa0c1ea6abaed4b3d21f1dc4121c35fb30
430,cdcf7cb29f37ac0546961ea8a076075b9cc1f992,https://www.semanticscholar.org/paper/cdcf7cb29f37ac0546961ea8a076075b9cc1f992
431,cc2d6899f11578424c4d3d948c9376861c66276a,https://www.semanticscholar.org/paper/cc2d6899f11578424c4d3d948c9376861c66276a
432,38d51830ca5318ecb8a8f3b8d56e180b89a99db5,https://www.semanticscholar.org/paper/38d51830ca5318ecb8a8f3b8d56e180b89a99db5
433,899fd7efb500cf7e40758b241e814995c85626d7,https://www.semanticscholar.org/paper/899fd7efb500cf7e40758b241e814995c85626d7
434,d129924ea4f43082eec89469e5346e83ef025308,https://www.semanticscholar.org/paper/d129924ea4f43082eec89469e5346e83ef025308
435,5e6f913d0bc2f7cc187a4d46c64be050f5e1e826,https://www.semanticscholar.org/paper/5e6f913d0bc2f7cc187a4d46c64be050f5e1e826
436,09611b4b588f74abfef1f0ecbe7cfef57501c09d,https://www.semanticscholar.org/paper/09611b4b588f74abfef1f0ecbe7cfef57501c09d
437,bb410d61489ffc16c83cf0ee14c0dedda6e3fd2a,https://www.semanticscholar.org/paper/bb410d61489ffc16c83cf0ee14c0dedda6e3fd2a
438,73dd746c5327b61832986a0ccacedde6d210fd41,https://www.semanticscholar.org/paper/73dd746c5327b61832986a0ccacedde6d210fd41
439,a6c64b7d87d349096171d0af5d6e0a0ef6753fb3,https://www.semanticscholar.org/paper/a6c64b7d87d349096171d0af5d6e0a0ef6753fb3
440,7e7343a5608fff1c68c5259db0c77b9193f1546d,https://www.semanticscholar.org/paper/7e7343a5608fff1c68c5259db0c77b9193f1546d
441,71910608c7c66fa928d95bcdc80226aa890b1ccd,https://www.semanticscholar.org/paper/71910608c7c66fa928d95bcdc80226aa890b1ccd
442,67c028b3d0b300d2681eb50d18ead0f0532aaabd,https://www.semanticscholar.org/paper/67c028b3d0b300d2681eb50d18ead0f0532aaabd
443,116d7798c1123cf7fad4176e98f58fd49de4f8f1,https://www.semanticscholar.org/paper/116d7798c1123cf7fad4176e98f58fd49de4f8f1
444,06de3a58ff385ea47c8bc2ee4154d82cd3e29234,https://www.semanticscholar.org/paper/06de3a58ff385ea47c8bc2ee4154d82cd3e29234
445,5723709e3ef0aed79a54070442ddd7b2e3a3ea0c,https://www.semanticscholar.org/paper/5723709e3ef0aed79a54070442ddd7b2e3a3ea0c
446,de2f6a8921f9bf984fdc2b46964a03d3b83e2fcd,https://www.semanticscholar.org/paper/de2f6a8921f9bf984fdc2b46964a03d3b83e2fcd
447,5d11aad09f65431b5d3cb1d85328743c9e53ba96,https://www.semanticscholar.org/paper/5d11aad09f65431b5d3cb1d85328743c9e53ba96
448,edbe05bf536a0a3a64392acef5d9286bebadbfdf,https://www.semanticscholar.org/paper/edbe05bf536a0a3a64392acef5d9286bebadbfdf
449,4059887806078a4c52f0b7b3a4bc3bdf050903e9,https://www.semanticscholar.org/paper/4059887806078a4c52f0b7b3a4bc3bdf050903e9
450,6f1ff73c019d46ae6d7d83e65b06bee9a0596477,https://www.semanticscholar.org/paper/6f1ff73c019d46ae6d7d83e65b06bee9a0596477
451,8ddeaa0bee603cae32422f47855b32349664f4d5,https://www.semanticscholar.org/paper/8ddeaa0bee603cae32422f47855b32349664f4d5
452,b8a7a26fc255cc9753e20a9a17acb87ace8e50a2,https://www.semanticscholar.org/paper/b8a7a26fc255cc9753e20a9a17acb87ace8e50a2
453,b5bcbabc466a25825caccf775e0a9f0623d47091,https://www.semanticscholar.org/paper/b5bcbabc466a25825caccf775e0a9f0623d47091
454,6f9fc51102cf49bff4f4e2b336739a45f8389c80,https://www.semanticscholar.org/paper/6f9fc51102cf49bff4f4e2b336739a45f8389c80
455,18b4f0f160dda50c9e9109e19bf8463a0ddddd6a,https://www.semanticscholar.org/paper/18b4f0f160dda50c9e9109e19bf8463a0ddddd6a
456,fe7042c315a61f0ba7009713f9a115bc0017ee70,https://www.semanticscholar.org/paper/fe7042c315a61f0ba7009713f9a115bc0017ee70
457,ef92d152c6effb16d5ad060d84c0c853e7beb9be,https://www.semanticscholar.org/paper/ef92d152c6effb16d5ad060d84c0c853e7beb9be
458,7a65a374e39e2f446620fe3d99337c00da413359,https://www.semanticscholar.org/paper/7a65a374e39e2f446620fe3d99337c00da413359
459,35ebed28c967acbfe38fa757f4e7023d075beaeb,https://www.semanticscholar.org/paper/35ebed28c967acbfe38fa757f4e7023d075beaeb
460,3d52d429b4d83d096dd354e8470bf3655e8b67bc,https://www.semanticscholar.org/paper/3d52d429b4d83d096dd354e8470bf3655e8b67bc
461,ebe38a7c43d69b317b3a2de94859b903026d35f0,https://www.semanticscholar.org/paper/ebe38a7c43d69b317b3a2de94859b903026d35f0
462,d1c622fc24bf5d38396d0b4940c1b81ee7f36476,https://www.semanticscholar.org/paper/d1c622fc24bf5d38396d0b4940c1b81ee7f36476
463,4afc27ea6e50a31cb6c203edec4050d24d94e8a7,https://www.semanticscholar.org/paper/4afc27ea6e50a31cb6c203edec4050d24d94e8a7
464,008a6639a1160bd32707da8b744264bc64bf003f,https://www.semanticscholar.org/paper/008a6639a1160bd32707da8b744264bc64bf003f
465,c89d5766d25466830391ccecabe53e0bf2a92425,https://www.semanticscholar.org/paper/c89d5766d25466830391ccecabe53e0bf2a92425
466,50b44df255bab4108aa729dd12c046784dc8121c,https://www.semanticscholar.org/paper/50b44df255bab4108aa729dd12c046784dc8121c
467,3d069cdf413aa6cf0c8d4a5ad93b7ce82cdda8bd,https://www.semanticscholar.org/paper/3d069cdf413aa6cf0c8d4a5ad93b7ce82cdda8bd
468,8d3a318b62d2e970122da35b2a2e70a5d12cc16f,https://www.semanticscholar.org/paper/8d3a318b62d2e970122da35b2a2e70a5d12cc16f
469,567ca739db31d44ebd76f725bfcfdff88397c37c,https://www.semanticscholar.org/paper/567ca739db31d44ebd76f725bfcfdff88397c37c
470,e6170b4a95c5a1e9873f8769c8ebf2bc955b31ce,https://www.semanticscholar.org/paper/e6170b4a95c5a1e9873f8769c8ebf2bc955b31ce
471,695787b6c098930ca796afc668cc7942f664c365,https://www.semanticscholar.org/paper/695787b6c098930ca796afc668cc7942f664c365
472,d4e2fa30d1e901c222035208149ba91b5753cff4,https://www.semanticscholar.org/paper/d4e2fa30d1e901c222035208149ba91b5753cff4
473,0e00e1145666539f170b6f3845be5c4291bc4552,https://www.semanticscholar.org/paper/0e00e1145666539f170b6f3845be5c4291bc4552
474,1aa46d4db4e2a0c2297f8693f1e7ad2ef899a0d4,https://www.semanticscholar.org/paper/1aa46d4db4e2a0c2297f8693f1e7ad2ef899a0d4
475,571d7d7739694c2e00ba1e25bfd0659dc5b74ded,https://www.semanticscholar.org/paper/571d7d7739694c2e00ba1e25bfd0659dc5b74ded
476,47d01eb59cd37d16201fcae964bd1d2b49cfb55e,https://www.semanticscholar.org/paper/47d01eb59cd37d16201fcae964bd1d2b49cfb55e
477,1eefd51e9cc1c54fd1990f1a84ca60516fae205b,https://www.semanticscholar.org/paper/1eefd51e9cc1c54fd1990f1a84ca60516fae205b
478,821e50e37967e01987cfb5a31c6b8d9328a1cd40,https://www.semanticscholar.org/paper/821e50e37967e01987cfb5a31c6b8d9328a1cd40
479,13e6c77130c9e38336b3caf0f919247cfd32948d,https://www.semanticscholar.org/paper/13e6c77130c9e38336b3caf0f919247cfd32948d
480,2e4800c67efb09a5392eb7f5e0221d48c0cabe51,https://www.semanticscholar.org/paper/2e4800c67efb09a5392eb7f5e0221d48c0cabe51
481,fba897f588ace2e239b2dbc35984bf7cfc8161cb,https://www.semanticscholar.org/paper/fba897f588ace2e239b2dbc35984bf7cfc8161cb
482,77a94f6c91ee1590dd2c6fd80b4a6d8bffdb91ac,https://www.semanticscholar.org/paper/77a94f6c91ee1590dd2c6fd80b4a6d8bffdb91ac
483,206892c01f7fbcc42defb3b2f45d29cb32e51296,https://www.semanticscholar.org/paper/206892c01f7fbcc42defb3b2f45d29cb32e51296
484,966dfdd0b0bb6b50416559d35a2561c0b96d9a9e,https://www.semanticscholar.org/paper/966dfdd0b0bb6b50416559d35a2561c0b96d9a9e
485,68c03788224000794d5491ab459be0b2a2c38677,https://www.semanticscholar.org/paper/68c03788224000794d5491ab459be0b2a2c38677
486,15600790533e50b8ae64b11bc349d552623c2f50,https://www.semanticscholar.org/paper/15600790533e50b8ae64b11bc349d552623c2f50
487,4e6795d8406bde57551d6acff131d4f47435bcb6,https://www.semanticscholar.org/paper/4e6795d8406bde57551d6acff131d4f47435bcb6
488,b88b440e08c3a83e96640d9160475d92df4422cd,https://www.semanticscholar.org/paper/b88b440e08c3a83e96640d9160475d92df4422cd
489,f55c8d509fcc6160e60bfa22141117b3349c6c4f,https://www.semanticscholar.org/paper/f55c8d509fcc6160e60bfa22141117b3349c6c4f
490,968e5df6e17ca24eb60316dd638fc3e48aae57ed,https://www.semanticscholar.org/paper/968e5df6e17ca24eb60316dd638fc3e48aae57ed
491,f7c08ec4bb09876103d2ea106c0575ae60c94e6c,https://www.semanticscholar.org/paper/f7c08ec4bb09876103d2ea106c0575ae60c94e6c
492,3d6dd77f4cd509f050b2d4ca08c1d9e072acc065,https://www.semanticscholar.org/paper/3d6dd77f4cd509f050b2d4ca08c1d9e072acc065
493,7a89bc2ac04146c3d9353b5f482d0a2603e40097,https://www.semanticscholar.org/paper/7a89bc2ac04146c3d9353b5f482d0a2603e40097
494,8dbf901c42f0ce8592951e35d12d6fe8fc398167,https://www.semanticscholar.org/paper/8dbf901c42f0ce8592951e35d12d6fe8fc398167
495,e0d2556e9b7a05d7741c363bee51ca008797fcc1,https://www.semanticscholar.org/paper/e0d2556e9b7a05d7741c363bee51ca008797fcc1
496,e126edab0bb8a5263ff2b52ebb3d1121ebf3b342,https://www.semanticscholar.org/paper/e126edab0bb8a5263ff2b52ebb3d1121ebf3b342
497,c7f40166c5bb635749594141a444d7cdffc6dd92,https://www.semanticscholar.org/paper/c7f40166c5bb635749594141a444d7cdffc6dd92
498,026337ea8a250ea4fae21fe18ed03e4d9ace7d83,https://www.semanticscholar.org/paper/026337ea8a250ea4fae21fe18ed03e4d9ace7d83
499,ddbc02ff66baa26931fa195e0ad8d20fa1e1c4f0,https://www.semanticscholar.org/paper/ddbc02ff66baa26931fa195e0ad8d20fa1e1c4f0
